{
  "dfqq3dti": {
    "metrics": {
      "latent_mse": 0.06913399696350098,
      "mixture_log_volume": -2.2073709964752197,
      "mixture_mse_db": 1.1662012338638306,
      "mixture_sam": 1.9607185125350952,
      "r_square": 0.08477572351694107,
      "subspace_distance": 0.5251863598823547
    }
  }
}